Reporting starts,Reporting ends,Campaign name,Amount spent (SGD),Impressions,Link clicks,Purchases,Purchases conversion value
2026-09-04,2026-09-04,Prospecting | New members,172.71,19190,255,14,1673.39
2026-09-04,2026-09-04,Retargeting | Class pass,99.11,7079,152,13,1584.58
2026-09-05,2026-09-05,Prospecting | New members,176.83,19648,271,16,1924.80
2026-09-05,2026-09-05,Retargeting | Class pass,81.08,5791,117,10,1196.18
2026-09-06,2026-09-06,Prospecting | New members,165.82,18424,241,14,1629.50
2026-09-06,2026-09-06,Retargeting | Class pass,87.37,6241,127,12,1393.21
2026-09-07,2026-09-07,Prospecting | New members,178.18,19798,238,15,1786.64
2026-09-07,2026-09-07,Retargeting | Class pass,88.02,6287,121,10,1180.11
2026-09-08,2026-09-08,Prospecting | New members,150.39,16710,203,13,1608.29
2026-09-08,2026-09-08,Retargeting | Class pass,94.51,6751,127,10,1250.45
2026-09-09,2026-09-09,Prospecting | New members,171.99,19110,257,16,1918.58
2026-09-09,2026-09-09,Retargeting | Class pass,99.15,7082,152,15,1719.78
2026-09-10,2026-09-10,Prospecting | New members,165.70,18412,246,15,1817.90
2026-09-10,2026-09-10,Retargeting | Class pass,91.74,6553,136,13,1596.12
2026-09-11,2026-09-11,Prospecting | New members,143.10,15900,219,13,1621.74
2026-09-11,2026-09-11,Retargeting | Class pass,91.11,6508,136,13,1556.22
2026-09-12,2026-09-12,Prospecting | New members,165.21,18356,237,15,1775.27
2026-09-12,2026-09-12,Retargeting | Class pass,80.17,5727,105,10,1259.76
2026-09-13,2026-09-13,Prospecting | New members,169.23,18803,249,14,1663.01
2026-09-13,2026-09-13,Retargeting | Class pass,94.99,6785,130,11,1303.93
2026-09-14,2026-09-14,Prospecting | New members,140.95,15661,191,11,1294.12
2026-09-14,2026-09-14,Retargeting | Class pass,96.47,6891,131,12,1511.50
2026-09-15,2026-09-15,Prospecting | New members,147.39,16377,215,14,1717.58
2026-09-15,2026-09-15,Retargeting | Class pass,89.47,6391,125,12,1491.10
2026-09-16,2026-09-16,Prospecting | New members,164.55,18283,253,17,2131.79
2026-09-16,2026-09-16,Retargeting | Class pass,82.68,5905,124,12,1380.84
2026-09-17,2026-09-17,Prospecting | New members,145.42,16158,216,14,1614.18
2026-09-17,2026-09-17,Retargeting | Class pass,99.16,7083,142,13,1586.48
2026-09-18,2026-09-18,Prospecting | New members,169.98,18887,251,16,1825.07
2026-09-18,2026-09-18,Retargeting | Class pass,98.72,7052,92,9,1036.82
2026-09-19,2026-09-19,Prospecting | New members,175.50,19500,265,16,1838.04
2026-09-19,2026-09-19,Retargeting | Class pass,85.62,6115,82,7,872.16
2026-09-20,2026-09-20,Prospecting | New members,149.07,16563,225,14,1664.01
2026-09-20,2026-09-20,Retargeting | Class pass,92.11,6579,91,9,1115.42
2026-09-21,2026-09-21,Prospecting | New members,160.18,17797,223,12,1412.69
2026-09-21,2026-09-21,Retargeting | Class pass,94.63,6759,93,8,952.76
2026-09-22,2026-09-22,Prospecting | New members,167.09,18565,250,15,1826.08
2026-09-22,2026-09-22,Retargeting | Class pass,98.01,7001,92,8,929.99
2026-09-23,2026-09-23,Prospecting | New members,174.19,19355,246,16,1969.46
2026-09-23,2026-09-23,Retargeting | Class pass,79.80,5700,84,8,914.03
2026-09-24,2026-09-24,Prospecting | New members,156.35,17373,209,13,1507.06
2026-09-24,2026-09-24,Retargeting | Class pass,94.56,6754,88,8,994.85
