Date,Ad Name,Impressions,Clicks,Conversions,Items Sold,GMV,Expense
04/09/2026,Keyword ads | Yoga mats,10797,309,16,16,S$735.80,S$64.78
04/09/2026,Discovery ads | Accessories,9303,180,7,7,S$216.32,S$37.21
05/09/2026,Keyword ads | Yoga mats,10382,333,16,16,S$741.18,S$62.29
05/09/2026,Discovery ads | Accessories,9047,195,8,8,S$247.19,S$36.19
06/09/2026,Keyword ads | Yoga mats,12284,370,18,18,S$836.95,S$73.70
06/09/2026,Discovery ads | Accessories,8859,172,7,7,S$206.53,S$35.44
07/09/2026,Keyword ads | Yoga mats,10659,309,14,14,S$615.53,S$63.96
07/09/2026,Discovery ads | Accessories,9478,181,7,7,S$200.60,S$37.91
08/09/2026,Keyword ads | Yoga mats,11765,380,20,20,S$888.91,S$70.59
08/09/2026,Discovery ads | Accessories,8823,171,7,7,S$202.85,S$35.29
09/09/2026,Keyword ads | Yoga mats,11218,360,18,18,S$783.86,S$67.31
09/09/2026,Discovery ads | Accessories,11196,225,10,10,S$298.10,S$44.78
10/09/2026,Keyword ads | Yoga mats,11087,336,16,16,S$712.40,S$66.52
10/09/2026,Discovery ads | Accessories,9835,205,9,9,S$266.45,S$39.34
11/09/2026,Keyword ads | Yoga mats,12372,348,17,17,S$752.38,S$74.23
11/09/2026,Discovery ads | Accessories,10893,215,8,8,S$232.68,S$43.57
12/09/2026,Keyword ads | Yoga mats,10371,327,15,15,S$656.78,S$62.23
12/09/2026,Discovery ads | Accessories,10419,208,8,8,S$232.07,S$41.68
13/09/2026,Keyword ads | Yoga mats,11417,333,17,17,S$745.27,S$68.50
13/09/2026,Discovery ads | Accessories,9372,200,8,8,S$245.51,S$37.49
14/09/2026,Keyword ads | Yoga mats,11729,377,18,18,S$824.54,S$70.37
14/09/2026,Discovery ads | Accessories,10870,201,9,9,S$262.26,S$43.48
15/09/2026,Keyword ads | Yoga mats,13038,392,21,21,S$980.16,S$78.23
15/09/2026,Discovery ads | Accessories,10677,220,9,9,S$263.00,S$42.71
16/09/2026,Keyword ads | Yoga mats,12407,356,18,18,S$848.65,S$74.44
16/09/2026,Discovery ads | Accessories,9261,192,7,7,S$218.11,S$37.04
17/09/2026,Keyword ads | Yoga mats,11147,324,17,17,S$770.70,S$66.88
17/09/2026,Discovery ads | Accessories,9984,187,7,7,S$209.57,S$39.94
18/09/2026,Keyword ads | Yoga mats,11498,350,17,17,S$777.44,S$68.99
18/09/2026,Discovery ads | Accessories,8928,179,11,11,S$342.72,S$35.71
19/09/2026,Keyword ads | Yoga mats,12837,407,20,20,S$914.76,S$77.02
19/09/2026,Discovery ads | Accessories,9489,181,11,11,S$318.50,S$37.96
20/09/2026,Keyword ads | Yoga mats,11376,345,18,18,S$790.19,S$68.26
20/09/2026,Discovery ads | Accessories,10183,214,13,13,S$392.72,S$40.73
21/09/2026,Keyword ads | Yoga mats,11856,331,16,16,S$711.19,S$71.14
21/09/2026,Discovery ads | Accessories,10304,215,14,14,S$430.21,S$41.22
22/09/2026,Keyword ads | Yoga mats,11150,310,17,17,S$737.98,S$66.90
22/09/2026,Discovery ads | Accessories,10737,206,13,13,S$402.81,S$42.95
23/09/2026,Keyword ads | Yoga mats,12781,412,22,22,S$1001.40,S$76.69
23/09/2026,Discovery ads | Accessories,9919,213,12,12,S$350.53,S$39.68
24/09/2026,Keyword ads | Yoga mats,12109,378,20,20,S$871.35,S$72.66
24/09/2026,Discovery ads | Accessories,9893,192,11,11,S$345.05,S$39.57
