Date,Campaign name,Cost,Impressions,Clicks (destination),Conversions,Total purchase value
2026-09-04,Spark ads | 21-day reset,98.64,19728,171,7,826.61
2026-09-05,Spark ads | 21-day reset,115.02,23005,210,8,946.95
2026-09-06,Spark ads | 21-day reset,97.68,19536,172,7,798.41
2026-09-07,Spark ads | 21-day reset,108.38,21676,198,9,1126.52
2026-09-08,Spark ads | 21-day reset,115.76,23151,199,8,930.85
2026-09-09,Spark ads | 21-day reset,111.22,22244,214,8,937.47
2026-09-10,Spark ads | 21-day reset,120.66,24131,211,8,974.64
2026-09-11,Spark ads | 21-day reset,111.94,22387,206,8,987.67
2026-09-12,Spark ads | 21-day reset,105.43,21086,190,7,856.28
2026-09-13,Spark ads | 21-day reset,122.98,24596,214,9,1058.41
2026-09-14,Spark ads | 21-day reset,120.87,24173,209,8,946.58
2026-09-15,Spark ads | 21-day reset,117.40,23479,208,9,1106.29
2026-09-16,Spark ads | 21-day reset,121.39,24278,208,7,864.22
2026-09-17,Spark ads | 21-day reset,100.78,20156,169,7,839.18
2026-09-18,Spark ads | 21-day reset,156.54,31308,278,7,830.85
2026-09-19,Spark ads | 21-day reset,145.31,29062,281,7,881.97
2026-09-20,Spark ads | 21-day reset,153.21,30642,291,7,873.52
2026-09-21,Spark ads | 21-day reset,165.40,33080,281,8,993.06
2026-09-22,Spark ads | 21-day reset,175.31,35062,317,9,1065.07
2026-09-23,Spark ads | 21-day reset,155.54,31108,283,7,877.22
2026-09-24,Spark ads | 21-day reset,180.25,36050,307,9,1098.05
